CaseID,EventID,time:timestamp,concept:name,lifecycle:transition
1,35654423,20200424T0455,A,completed
1,35654424,20200424T0456,B,completed
1,35654425,20200522T0721,C,completed
1,35654426,20200522T0722,D,completed
1,35654427,20200522T0723,F,completed
2,35654428,20200522T0724,A,completed
2,35654429,20200522T0725,B,completed
2,35654430,20200522T0726,C,completed
2,35654431,20200522T0727,E,completed
2,35654432,20200522T0728,F,completed
3,35654456,20200522T0729,A,completed
3,35654434,20200522T0730,C,completed
3,35654435,20200522T0731,B,completed
3,35654436,20200522T0732,E,completed
3,35654437,20200522T0733,F,completed
4,35654438,20200522T0734,A,completed
4,35654439,20200522T0735,C,completed
4,35654440,20200522T0736,B,completed
4,35654441,20200522T0737,D,completed
4,35654442,20200522T0738,F,completed
