CaseID,EventID,time:timestamp,Activity,lifecycle:transition
1,35654423,20200424T0455,r,completed
1,35654424,20200424T0456,c,completed
1,35654425,20200522T0721,b,completed
1,35654426,20200522T0856,x,completed
1,35654427,20200522T0857,d,completed
2,35654428,20200424T0455,r,completed
2,35654429,20200424T0456,c,completed
2,35654430,20200522T0721,b,completed
2,35654431,20200522T0856,x,completed
2,35654432,20200522T0857,c,completed
2,35654433,20200522T0858,d,completed
3,35654434,20200424T0455,r,completed
3,35654435,20200424T0456,x,completed
3,35654436,20200522T0721,b,completed
3,35654437,20200522T0856,c,completed
3,35654438,20200522T0857,d,completed
4,35654439,20200424T0455,r,completed
4,35654440,20200424T0456,x,completed
4,35654441,20200522T0721,c,completed
4,35654442,20200522T0856,b,completed
4,35654443,20200522T0857,d,completed
