CaseID,EventID,time:timestamp,concept:name,lifecycle:transition
1,35654423,20200424T0455,R,completed
1,35654424,20200424T0456,C,completed
1,35654425,20200522T0721,A,completed
1,35654426,20200522T0722,P,completed
1,35654427,20200522T0723,C,completed
1,35654428,20200522T0724,D,completed
2,35654429,20200522T0725,R,completed
2,35654430,20200522T0726,C,completed
2,35654431,20200522T0727,P,completed
2,35654432,20200522T0728,D,completed
3,35654433,20200522T0729,R,completed
3,35654434,20200522T0730,C,completed
3,35654435,20200522T0731,D,completed
