CaseID,EventID,time:timestamp,concept:name,lifecycle:transition
1,35654423,20200424T0455,A,completed
1,35654424,20200424T0456,B1,completed
1,35654425,20200522T0721,C,completed
1,35654426,20200522T0722,B5,completed
2,35654427,20200522T0723,A,completed
2,35654428,20200522T0724,B1,completed
2,35654429,20200522T0725,C,completed
2,35654430,20200522T0726,A,completed
2,35654431,20200522T0727,B2,completed
2,35654432,20200522T0728,C,completed
2,35654456,20200522T0729,B5,completed
3,35654434,20200522T0730,A,completed
3,35654435,20200522T0731,B1,completed
3,35654436,20200522T0732,C,completed
3,35654437,20200522T0733,A,completed
3,35654438,20200522T0734,B2,completed
3,35654439,20200522T0735,C,completed
3,35654440,20200522T0736,A,completed
3,35654441,20200522T0737,B3,completed
3,35654442,20200522T0738,C,completed
3,35654443,20200522T0739,B5,completed
4,35654444,20200522T0740,A,completed
4,35654445,20200522T0741,B1,completed
4,35654446,20200522T0742,C,completed
4,35654447,20200522T0743,A,completed
4,35654448,20200522T0744,B2,completed
4,35654449,20200522T0745,C,completed
4,35654450,20200522T0746,A,completed
4,35654451,20200522T0747,B3,completed
4,35654452,20200522T0748,C,completed
4,35654453,20200522T0749,A,completed
4,35654454,20200522T0750,B4,completed
4,35654455,20200522T0751,C,completed
4,35654456,20200522T0752,B5,completed
