CaseID,EventID,time:timestamp,concept:name,lifecycle:transition
1,35654423,20200424T0455,A,completed
1,35654424,20200424T0456,B1,completed
1,35654425,20200522T0721,C,completed
1,35654426,20200522T0722,B5,completed
2,35654427,20200522T0723,A,completed
2,35654428,20200522T0724,B1,completed
2,35654429,20200522T0725,C,completed
2,35654430,20200522T0726,D,completed
2,35654431,20200522T0727,A,completed
2,35654432,20200522T0728,B2,completed
2,35654456,20200522T0729,C,completed
2,35654434,20200522T0730,B5,completed
3,35654435,20200522T0731,A,completed
3,35654436,20200522T0732,B1,completed
3,35654437,20200522T0733,C,completed
3,35654438,20200522T0734,D,completed
3,35654439,20200522T0735,A,completed
3,35654440,20200522T0736,B2,completed
3,35654441,20200522T0737,C,completed
3,35654442,20200522T0738,D,completed
3,35654443,20200522T0739,A,completed
3,35654444,20200522T0740,B3,completed
3,35654445,20200522T0741,C,completed
3,35654446,20200522T0742,B5,completed
4,35654447,20200522T0743,A,completed
4,35654448,20200522T0744,B1,completed
4,35654449,20200522T0745,C,completed
4,35654450,20200522T0746,D,completed
4,35654451,20200522T0747,A,completed
4,35654452,20200522T0748,B2,completed
4,35654453,20200522T0749,C,completed
4,35654454,20200522T0750,D,completed
4,35654455,20200522T0751,A,completed
4,35654456,20200522T0752,B3,completed
4,35654457,20200522T0753,C,completed
4,35654458,20200522T0754,D,completed
4,35654459,20200522T0755,A,completed
4,35654460,20200522T0756,B4,completed
4,35654461,20200522T0757,C,completed
4,35654462,20200522T0758,D,completed
4,35654463,20200522T0759,B5,completed
